id,prd,clck,txt,tm,team,hmScr,awyScr,sq,plyTypId,scrng,wnPrb
4018099624,1,12:00,Myles Turner vs. Jarrett Allen (Gary Trent Jr. gains possession),15,CLE,0,0,4,615,,72.2
4018099627,1,11:40,Evan Mobley kicked ball violation,5,CLE,0,0,7,12,,73.7
4018099628,1,11:39,De'Andre Hunter personal foul,5,CLE,0,0,8,45,,72
40180996210,1,11:31,Gary Trent Jr. misses 25-foot three point jumper,15,CLE,0,0,10,92,,73.3
40180996211,1,11:27,Myles Turner offensive rebound,15,CLE,0,0,11,156,,71.9
40180996212,1,11:21,Evan Mobley blocks Giannis Antetokounmpo's driving layup,15,CLE,0,0,12,110,,73.2
40180996214,1,11:18,Jarrett Allen defensive rebound,5,CLE,0,0,14,155,,73.7
40180996215,1,11:11,Evan Mobley misses 25-foot three point pullup jump shot,5,CLE,0,0,15,131,,72.2
40180996216,1,11:09,Giannis Antetokounmpo defensive rebound,15,CLE,0,0,16,155,,71.8
40180996218,1,10:44,Gary Trent Jr. makes 20-foot two point shot (Giannis Antetokounmpo assists),15,CLE,0,2,18,121,True,69.3
40180996220,1,10:22,Evan Mobley makes 11-foot two point shot (Jarrett Allen assists),5,CLE,2,2,20,136,True,71.4
40180996222,1,10:11,Gary Trent Jr. misses 22-foot three point jumper,15,CLE,2,2,22,92,,72.8
40180996223,1,10:07,Donovan Mitchell defensive rebound,5,CLE,2,2,23,155,,73.2
40180996224,1,10:00,Sam Merrill misses 26-foot three point jumper,5,CLE,2,2,24,92,,71.7
40180996225,1,9:59,Cavaliers offensive team rebound,5,CLE,2,2,25,156,,73.2
40180996227,1,9:57,Sam Merrill makes layup (Donovan Mitchell assists),5,CLE,4,2,27,141,True,75.2
40180996229,1,9:38,Giannis Antetokounmpo makes driving layup (Gary Trent Jr. assists),15,CLE,4,4,29,110,True,73
40180996231,1,9:29,Donovan Mitchell misses 25-foot three point step back jumpshot,5,CLE,4,4,31,132,,71.5
40180996232,1,9:27,De'Andre Hunter offensive rebound,5,CLE,4,4,32,156,,73
40180996233,1,9:25,Gary Trent Jr. shooting foul,15,CLE,4,4,33,44,,75.9
40180996235,1,9:25,De'Andre Hunter misses free throw 1 of 2,5,CLE,4,4,35,98,,74.4
40180996236,1,9:25,Cavaliers offensive team rebound,5,CLE,4,4,36,156,,73
40180996237,1,9:25,De'Andre Hunter makes free throw 2 of 2,5,CLE,5,4,37,99,True,73
40180996238,1,9:10,Giannis Antetokounmpo misses 16-foot pullup jump shot,15,CLE,5,4,38,131,,74.3
40180996239,1,9:07,De'Andre Hunter defensive rebound,5,CLE,5,4,39,155,,74.8
40180996240,1,8:59,De'Andre Hunter makes 8-foot two point shot,5,CLE,7,4,40,145,True,76.7
40180996241,1,8:45,Giannis Antetokounmpo makes 1-foot driving dunk (Gary Trent Jr. assists),15,CLE,7,6,41,115,True,74.6
40180996244,1,8:32,AJ Green personal foul,15,CLE,7,6,44,45,,74.5
40180996248,1,8:21,AJ Green vs. Evan Mobley (De'Andre Hunter gains possession),5,CLE,7,6,48,615,,74.5
40180996253,1,8:14,Donovan Mitchell misses 25-foot three point pullup jump shot,5,CLE,7,6,53,131,,73
40180996254,1,8:11,Giannis Antetokounmpo defensive rebound,15,CLE,7,6,54,155,,72.4
40180996255,1,8:08,Myles Turner out of bounds bad pass turnover,15,CLE,7,6,55,90,,74.4
40180996256,1,7:59,Gary Trent Jr. personal foul,15,CLE,7,6,56,45,,74.2
40180996258,1,7:43,Sam Merrill makes 26-foot three pointer (Evan Mobley assists),5,CLE,10,6,58,131,True,78.1
40180996260,1,7:17,Myles Turner makes 11-foot two point shot,15,CLE,10,8,60,137,True,76.1
40180996261,1,7:05,Evan Mobley makes 17-foot pullup jump shot,5,CLE,12,8,61,131,True,77.9
40180996263,1,6:56,Cavaliers Full timeout,5,CLE,12,8,63,16,,79.7
40180996264,1,6:56,Dean Wade enters the game for Donovan Mitchell,5,CLE,12,8,64,584,,79.7
40180996265,1,6:56,Lonzo Ball enters the game for Jarrett Allen,5,CLE,12,8,65,584,,79.7
40180996266,1,6:56,Taurean Prince enters the game for Gary Trent Jr.,15,CLE,12,8,66,584,,79.7
40180996270,1,6:54,Giannis Antetokounmpo makes alley oop layup (Ryan Rollins assists),15,CLE,12,10,70,111,True,76
40180996272,1,6:42,Evan Mobley misses 25-foot three point jumper,5,CLE,12,10,72,92,,74.4
40180996273,1,6:42,Cavaliers offensive team rebound,5,CLE,12,10,73,156,,75.9
40180996274,1,6:42,Taurean Prince loose ball foul,15,CLE,12,10,74,43,,78.7
40180996276,1,6:36,De'Andre Hunter misses 26-foot three point jumper,5,CLE,12,10,76,92,,74.4
40180996277,1,6:30,AJ Green defensive rebound,15,CLE,12,10,77,155,,73.9
40180996278,1,6:14,AJ Green makes 10-foot two point shot,15,CLE,12,12,78,121,True,71.6
40180996279,1,6:04,Lonzo Ball misses 25-foot three point pullup jump shot,5,CLE,12,12,79,131,,69.9
40180996280,1,6:01,Taurean Prince defensive rebound,15,CLE,12,12,80,155,,69.3
40180996281,1,5:53,Taurean Prince misses two point shot,15,CLE,12,12,81,128,,70.9
40180996282,1,5:52,Ryan Rollins offensive rebound,15,CLE,12,12,82,156,,69.2
40180996283,1,5:49,Ryan Rollins misses 24-foot three point jumper,15,CLE,12,12,83,92,,70.9
40180996284,1,5:49,De'Andre Hunter defensive rebound,5,CLE,12,12,84,155,,71.4
40180996285,1,5:37,Sam Merrill misses 25-foot three point jumper,5,CLE,12,12,85,92,,69.7
40180996286,1,5:34,Giannis Antetokounmpo defensive rebound,15,CLE,12,12,86,155,,69.1
40180996287,1,5:28,Giannis Antetokounmpo makes 1-foot two point shot,15,CLE,12,14,87,128,True,66.7
40180996288,1,5:08,Lonzo Ball bad pass (Myles Turner steals),5,CLE,12,14,88,62,,63.9
40180996290,1,5:06,Sam Merrill transition take foul,5,CLE,12,14,90,257,,63.9
40180996292,1,5:06,Ryan Rollins makes free throw 1 of 1,15,CLE,12,15,92,97,True,64.1
40180996293,1,5:06,Jaylon Tyson enters the game for De'Andre Hunter,5,CLE,12,15,93,584,,64.1
40180996294,1,5:06,Mark Sears enters the game for Ryan Rollins,15,CLE,12,15,94,584,,64.1
40180996297,1,5:03,Sam Merrill shooting foul,5,CLE,12,15,97,44,,57.4
40180996299,1,5:03,AJ Green makes free throw 1 of 3,15,CLE,12,16,99,100,True,56.6
401809962100,1,5:03,AJ Green makes free throw 2 of 3,15,CLE,12,17,100,101,True,54
401809962101,1,5:03,AJ Green makes free throw 3 of 3,15,CLE,12,18,101,102,True,56.2
401809962102,1,4:54,AJ Green personal foul,15,CLE,12,18,102,45,,60.1
401809962104,1,4:54,Sam Merrill makes free throw 1 of 2,5,CLE,13,18,104,98,True,60.7
401809962105,1,4:54,Bobby Portis enters the game for Myles Turner,15,CLE,13,18,105,584,,60.7
401809962106,1,4:54,Amir Coffey enters the game for AJ Green,15,CLE,13,18,106,584,,60.7
401809962109,1,4:54,Sam Merrill makes free throw 2 of 2,5,CLE,14,18,109,99,True,58.5
401809962110,1,4:42,Mark Sears bad pass (Lonzo Ball steals),15,CLE,14,18,110,62,,61.2
401809962112,1,4:34,Dean Wade makes 2-foot two point shot (Lonzo Ball assists),5,CLE,16,18,112,128,True,63.8
401809962114,1,4:13,Bobby Portis misses 25-foot three point jumper,15,CLE,16,18,114,92,,65.4
401809962115,1,4:10,Dean Wade defensive rebound,5,CLE,16,18,115,155,,66
401809962116,1,3:58,Lonzo Ball makes 9-foot two point shot,5,CLE,18,18,116,137,True,68.4
401809962117,1,3:34,Bobby Portis makes 25-foot three point jumper (Giannis Antetokounmpo assists),15,CLE,18,21,117,92,True,63.3
401809962119,1,3:18,Evan Mobley misses 24-foot three point pullup jump shot,5,CLE,18,21,119,131,,61.1
401809962120,1,3:16,Taurean Prince defensive rebound,15,CLE,18,21,120,155,,60.4
401809962121,1,3:03,Bobby Portis misses 6-foot two point shot,15,CLE,18,21,121,120,,62.4
401809962122,1,3:00,Evan Mobley defensive rebound,5,CLE,18,21,122,155,,63
401809962123,1,2:56,Jaylon Tyson misses two point shot,5,CLE,18,21,123,109,,60.9
401809962124,1,2:53,Sam Merrill offensive rebound,5,CLE,18,21,124,156,,62.9
401809962125,1,2:45,Sam Merrill makes 26-foot three point jumper (Lonzo Ball assists),5,CLE,21,21,125,92,True,67.8
401809962127,1,2:29,Bucks Full timeout,15,CLE,21,21,127,16,,67.7
401809962128,1,2:29,Jarrett Allen enters the game for Lonzo Ball,5,CLE,21,21,128,584,,67.7
401809962129,1,2:29,Donovan Mitchell enters the game for Evan Mobley,5,CLE,21,21,129,584,,67.7
401809962130,1,2:29,Craig Porter Jr. enters the game for Sam Merrill,5,CLE,21,21,130,584,,67.7
401809962131,1,2:29,Ryan Rollins enters the game for Mark Sears,15,CLE,21,21,131,584,,67.7
401809962132,1,2:29,Jericho Sims enters the game for Giannis Antetokounmpo,15,CLE,21,21,132,584,,67.7
401809962138,1,2:19,Taurean Prince misses two point shot,15,CLE,21,21,138,145,,69.4
401809962139,1,2:16,Craig Porter Jr. defensive rebound,5,CLE,21,21,139,155,,70
401809962140,1,2:13,Donovan Mitchell misses 24-foot three point shot,5,CLE,21,21,140,113,,68.1
401809962141,1,2:13,Cavaliers offensive team rebound,5,CLE,21,21,141,156,,70
401809962143,1,1:59,Dean Wade misses 25-foot three point jumper,5,CLE,21,21,143,92,,68
401809962144,1,1:56,Bobby Portis defensive rebound,15,CLE,21,21,144,155,,67.4
401809962145,1,1:43,Ryan Rollins makes driving layup,15,CLE,21,23,145,110,True,64.6
401809962146,1,1:33,Jaylon Tyson makes 3-foot layup (Donovan Mitchell assists),5,CLE,23,23,146,141,True,67.2
401809962148,1,1:08,Ryan Rollins makes 24-foot three point step back jumpshot,15,CLE,23,26,148,132,True,62
401809962149,1,1:01,Ryan Rollins personal foul,15,CLE,23,26,149,45,,65.6
401809962151,1,1:01,Donovan Mitchell makes free throw 1 of 2,5,CLE,24,26,151,98,True,66.3
401809962152,1,1:01,Donovan Mitchell makes free throw 2 of 2,5,CLE,25,26,152,99,True,64.3
401809962153,1,44.2,Taurean Prince makes 25-foot three point jumper (Ryan Rollins assists),15,CLE,25,29,153,92,True,58.6
401809962155,1,26.5,Jericho Sims blocks Donovan Mitchell 's 2-foot two point shot,5,CLE,25,29,155,128,,56.4
401809962157,1,24.0,Jarrett Allen offensive rebound,5,CLE,25,29,157,156,,58.4
401809962158,1,23.9,Jarrett Allen makes two point shot,5,CLE,27,29,158,125,True,61.1
401809962159,1,14.3,Jaylon Tyson personal foul,5,CLE,27,29,159,45,,57.3
401809962161,1,10.3,Jericho Sims makes 1-foot dunk (Taurean Prince assists),15,CLE,27,31,161,151,True,58.1
401809962165,1,2.3,(00:02.3) [Bucks] REF-INITIATED REVIEW (CALL OVERTURNED),,CLE,27,31,165,279,,56.8
401809962166,1,2.3,Lonzo Ball enters the game for Jaylon Tyson,5,CLE,27,31,166,584,,56.8
401809962167,1,2.3,Sam Merrill enters the game for Craig Porter Jr.,5,CLE,27,31,167,584,,56.8
401809962171,1,2.3,Bobby Portis flagrant foul type 1,15,CLE,27,31,171,32,,58.2
401809962174,1,2.3,Donovan Mitchell makes free throw flagrant 1 of 3,5,CLE,28,31,174,157,True,61.2
401809962176,1,2.3,Donovan Mitchell misses free throw flagrant 2 of 3,5,CLE,28,31,176,165,,61.2
401809962177,1,2.3,Giannis Antetokounmpo enters the game for Bobby Portis,15,CLE,28,31,177,584,,61.2
401809962260,1,2.3,Cavaliers offensive team rebound,5,CLE,28,31,260,156,,61.2
401809962261,1,2.3,Donovan Mitchell makes free throw flagrant 3 of 3,5,CLE,29,31,261,166,True,64.1
401809962179,1,0.0,Donovan Mitchell misses 10-foot two point shot,5,CLE,28,31,179,137,,62.1
401809962180,1,0.0,Cavaliers offensive team rebound,5,CLE,28,31,180,156,,64
401809962181,1,0.0,End of the 1st Quarter,,CLE,28,31,181,412,,62.8
401809962182,2,12:00,Craig Porter Jr. enters the game for Lonzo Ball,5,CLE,28,31,182,584,,62.8
401809962183,2,12:00,Larry Nance Jr. enters the game for Sam Merrill,5,CLE,28,31,183,584,,62.8
401809962184,2,12:00,Jaylon Tyson enters the game for Jarrett Allen,5,CLE,28,31,184,584,,62.8
401809962185,2,12:00,Evan Mobley enters the game for Dean Wade,5,CLE,28,31,185,584,,62.8
401809962186,2,12:00,Bobby Portis enters the game for Giannis Antetokounmpo,15,CLE,28,31,186,584,,62.8
401809962193,2,12:00,Bucks delay of game violation,15,CLE,28,31,193,8,,61
401809962194,2,11:40,Donovan Mitchell makes driving dunk (Jaylon Tyson assists),5,CLE,30,31,194,115,True,66.4
401809962196,2,11:35,Craig Porter Jr. personal foul,5,CLE,30,31,196,45,,66.4
401809962198,2,11:25,Bobby Portis makes 14-foot jumper (Ryan Rollins assists),15,CLE,30,33,198,92,True,63.5
401809962200,2,11:05,Larry Nance Jr. makes dunk (Evan Mobley assists),5,CLE,32,33,200,117,True,66.1
401809962202,2,10:48,Bobby Portis makes 25-foot three point jumper (Ryan Rollins assists),15,CLE,32,36,202,92,True,60.5
401809962204,2,10:35,Evan Mobley misses 9-foot two point shot,5,CLE,32,36,204,137,,58.1
401809962205,2,10:35,Bucks defensive team rebound,15,CLE,32,36,205,155,,57.3
401809962206,2,10:35,Jaylon Tyson loose ball foul,5,CLE,32,36,206,43,,57.6
401809962208,2,10:18,Bobby Portis misses 16-foot jumper,15,CLE,32,36,208,92,,59.4
401809962209,2,10:16,Evan Mobley defensive rebound,5,CLE,32,36,209,155,,60.2
401809962210,2,10:10,Donovan Mitchell misses 28-foot three point pullup jump shot,5,CLE,32,36,210,131,,57.9
401809962211,2,10:06,Larry Nance Jr. offensive rebound,5,CLE,32,36,211,156,,60.1
401809962213,2,9:59,Craig Porter Jr. lost ball turnover (Taurean Prince steals),5,CLE,32,36,213,63,,57.1
401809962215,2,9:49,Bobby Portis misses two point shot,15,CLE,32,36,215,145,,59.2
401809962216,2,9:46,Craig Porter Jr. defensive rebound,5,CLE,32,36,216,155,,59.9
401809962217,2,9:41,Jaylon Tyson makes 26-foot three point jumper (Craig Porter Jr. assists),5,CLE,35,36,217,92,True,62.7
401809962219,2,9:26,Jaylon Tyson personal foul,5,CLE,35,36,219,45,,65.5
401809962221,2,9:16,Ryan Rollins lost ball turnover (Larry Nance Jr. steals),15,CLE,35,36,221,63,,68
401809962223,2,9:09,Donovan Mitchell misses 26-foot three point shot,5,CLE,35,36,223,113,,65.9
401809962224,2,9:06,Bobby Portis defensive rebound,15,CLE,35,36,224,155,,65.2
401809962225,2,9:05,Bobby Portis bad pass (Craig Porter Jr. steals),15,CLE,35,36,225,62,,67.9
401809962227,2,9:05,Ryan Rollins personal foul,15,CLE,35,36,227,45,,67.9
401809962229,2,9:05,De'Andre Hunter enters the game for Jaylon Tyson,5,CLE,35,36,229,584,,67.9
401809962231,2,9:05,Gary Trent Jr. enters the game for Amir Coffey,15,CLE,35,36,231,584,,67.9
401809962233,2,8:46,Evan Mobley misses 9-foot jumper,5,CLE,35,36,233,92,,63
401809962235,2,8:42,Taurean Prince defensive rebound,15,CLE,35,36,235,155,,65
401809962236,2,8:23,Ryan Rollins misses two point shot,15,CLE,35,36,236,145,,64.1
401809962237,2,8:20,Donovan Mitchell defensive rebound,5,CLE,35,36,237,155,,67.7
401809962238,2,8:19,Taurean Prince personal foul,15,CLE,35,36,238,45,,67.6
401809962242,2,8:19,Lonzo Ball enters the game for Donovan Mitchell,5,CLE,35,36,242,584,,67.6
401809962243,2,8:10,De'Andre Hunter makes 19-foot pullup jump shot,5,CLE,37,36,243,131,True,70.1
401809962244,2,7:43,shot clock turnover ,15,CLE,37,36,244,70,,72.5
401809962245,2,7:43,Mark Sears enters the game for Ryan Rollins,15,CLE,37,36,245,584,,72.5
401809962253,2,7:43,Jarrett Allen enters the game for Evan Mobley,5,CLE,37,36,253,584,,72.5
401809962247,2,7:25,Craig Porter Jr. makes driving layup (Larry Nance Jr. assists),5,CLE,39,36,247,110,True,72.2
401809962248,2,7:22,Cavaliers delay of game violation,5,CLE,39,36,248,8,,77.2
401809962249,2,7:01,Gary Trent Jr. misses 26-foot three point step back jumpshot,15,CLE,39,36,249,132,,76.5
401809962250,2,6:57,Lonzo Ball defensive rebound,5,CLE,39,36,250,155,,77.1
401809962251,2,6:52,Lonzo Ball bad pass (Taurean Prince steals),5,CLE,39,36,251,62,,74.7
401809962255,2,6:39,Bobby Portis bad pass (Craig Porter Jr. steals),15,CLE,39,36,255,62,,74.6
401809962257,2,6:33,Bobby Portis shooting foul,15,CLE,39,36,257,44,,80
401809962259,2,6:33,Cavaliers Full timeout,5,CLE,39,36,259,16,,80
401809962262,2,6:33,Giannis Antetokounmpo enters the game for Jericho Sims,15,CLE,40,36,262,584,,80
401809962263,2,6:33,Myles Turner enters the game for Bobby Portis,15,CLE,40,36,263,584,,80
401809962266,2,6:33,Jarrett Allen makes free throw 1 of 2,5,CLE,41,36,266,98,True,80.6
401809962267,2,6:33,Jarrett Allen makes free throw 2 of 2,5,CLE,42,36,267,99,True,79
401809962268,2,6:13,Gary Trent Jr. makes 25-foot three point jumper (Giannis Antetokounmpo assists),15,CLE,42,39,268,92,True,74.4
401809962270,2,5:59,De'Andre Hunter makes 14-foot pullup jump shot,5,CLE,44,39,270,131,True,76.8
401809962271,2,5:48,De'Andre Hunter personal foul,5,CLE,44,39,271,45,,73.1
401809962273,2,5:48,Sam Merrill enters the game for Craig Porter Jr.,5,CLE,44,39,273,584,,73.1
401809962274,2,5:48,AJ Green enters the game for Mark Sears,15,CLE,44,39,274,584,,73.1
401809962277,2,5:38,De'Andre Hunter personal foul,5,CLE,44,39,277,45,,73
401809962279,2,5:38,AJ Green makes free throw 1 of 2,15,CLE,44,40,279,98,True,72.4
401809962280,2,5:38,Dean Wade enters the game for De'Andre Hunter,5,CLE,44,40,280,584,,72.4
401809962282,2,5:38,AJ Green misses free throw 2 of 2,15,CLE,44,40,282,99,,76.8
401809962283,2,5:35,Larry Nance Jr. defensive rebound,5,CLE,44,40,283,155,,76.8
401809962284,2,5:26,Larry Nance Jr. makes 23-foot three point jumper (Lonzo Ball assists),5,CLE,47,40,284,92,True,81.1
401809962286,2,5:15,Myles Turner misses 30-foot three point jumper,15,CLE,47,40,286,92,,82.6
401809962287,2,5:13,Jarrett Allen defensive rebound,5,CLE,47,40,287,155,,83.1
401809962288,2,5:01,Jarrett Allen makes 6-foot two point shot (Lonzo Ball assists),5,CLE,49,40,288,140,True,84.8
401809962290,2,4:54,Giannis Antetokounmpo lost ball turnover,15,CLE,49,40,290,63,,86.5
401809962292,2,4:54,delay techfoul,15,CLE,49,40,292,28,,86
401809962293,2,4:54,Sam Merrill makes technical free throw,5,CLE,50,40,293,103,True,88.1
401809962298,2,4:54,Ryan Rollins enters the game for Taurean Prince,15,CLE,50,40,298,584,,88.1
401809962294,2,4:45,Ryan Rollins shooting foul,15,CLE,50,40,294,44,,90.1
401809962296,2,4:45,Lonzo Ball misses free throw 1 of 3,5,CLE,50,40,296,100,,89.2
401809962297,2,4:45,Cavaliers offensive team rebound,5,CLE,50,40,297,156,,87.9
401809962300,2,4:45,Lonzo Ball misses free throw 2 of 3,5,CLE,50,40,300,101,,89.2
401809962301,2,4:45,Cavaliers offensive team rebound,5,CLE,50,40,301,156,,87.9
401809962302,2,4:45,Andre Jackson Jr. enters the game for Ryan Rollins,15,CLE,50,40,302,584,,87.9
401809962304,2,4:45,Lonzo Ball makes free throw 3 of 3,5,CLE,51,40,304,102,True,88
401809962305,2,4:25,AJ Green makes 23-foot three point jumper (Myles Turner assists),15,CLE,51,43,305,92,True,84.7
401809962307,2,4:05,Lonzo Ball makes 24-foot three point step back jumpshot,5,CLE,54,43,307,132,True,88.1
401809962308,2,3:58,Larry Nance Jr. personal foul,5,CLE,54,43,308,45,,85.7
401809962310,2,3:58,Giannis Antetokounmpo makes free throw 1 of 2,15,CLE,54,44,310,98,True,85.3
401809962311,2,3:58,Donovan Mitchell enters the game for Lonzo Ball,5,CLE,54,44,311,584,,85.3
401809962312,2,3:58,Evan Mobley enters the game for Larry Nance Jr.,5,CLE,54,44,312,584,,85.3
401809962315,2,3:58,Giannis Antetokounmpo makes free throw 2 of 2,15,CLE,54,45,315,99,True,86.5
401809962316,2,3:45,Evan Mobley misses 18-foot pullup jump shot,5,CLE,54,45,316,131,,85.3
401809962317,2,3:42,Giannis Antetokounmpo defensive rebound,15,CLE,54,45,317,155,,84.9
401809962318,2,3:28,AJ Green misses 25-foot three point jumper,15,CLE,54,45,318,92,,86.1
401809962319,2,3:25,Jarrett Allen defensive rebound,5,CLE,54,45,319,155,,86.5
401809962320,2,3:19,Jarrett Allen makes 1-foot dunk (Donovan Mitchell assists),5,CLE,56,45,320,151,True,88.1
401809962322,2,3:10,Evan Mobley personal foul,5,CLE,56,45,322,45,,85.7
401809962324,2,3:10,Myles Turner makes free throw 1 of 2,15,CLE,56,46,324,98,True,85.3
401809962325,2,3:10,Myles Turner misses free throw 2 of 2,15,CLE,56,46,325,99,,88.1
401809962326,2,3:07,Jarrett Allen defensive rebound,5,CLE,56,46,326,155,,88.1
401809962328,2,2:52,Evan Mobley out of bounds lost ball turnover,5,CLE,56,46,328,87,,86.6
401809962329,2,2:52,Bucks Full timeout,15,CLE,56,46,329,16,,86.6
401809962331,2,2:41,AJ Green makes 25-foot three point jumper (Giannis Antetokounmpo assists),15,CLE,56,49,331,92,True,83.1
401809962333,2,2:24,Donovan Mitchell makes 7-foot driving floating jump shot,5,CLE,58,49,333,144,True,84.9
401809962335,2,2:02,Evan Mobley shooting foul,5,CLE,58,49,335,44,,81.9
401809962337,2,2:02,Giannis Antetokounmpo makes free throw 1 of 2,15,CLE,58,50,337,98,True,81.3
401809962338,2,2:02,Giannis Antetokounmpo makes free throw 2 of 2,15,CLE,58,51,338,99,True,83.1
401809962339,2,1:47,Giannis Antetokounmpo blocks Jarrett Allen 's 3-foot two point shot,5,CLE,58,51,339,120,,81.3
401809962341,2,1:45,Jarrett Allen offensive rebound,5,CLE,58,51,341,156,,83.1
401809962342,2,1:45,Donovan Mitchell back court turnover,5,CLE,58,51,342,72,,80.8
401809962343,2,1:35,Myles Turner makes 30-foot three point jumper (Giannis Antetokounmpo assists),15,CLE,58,54,343,92,True,76.1
401809962345,2,1:18,Evan Mobley makes 9-foot two point shot,5,CLE,60,54,345,120,True,78.2
401809962346,2,1:05,Giannis Antetokounmpo makes two point shot,15,CLE,60,56,346,128,True,76
401809962347,2,49.3,Evan Mobley lost ball turnover (Andre Jackson Jr. steals),5,CLE,60,56,347,63,,72.8
401809962349,2,41.6,AJ Green bad pass (Evan Mobley steals),15,CLE,60,56,349,62,,76
401809962351,2,39.0,Sam Merrill makes 26-foot three point shot (Evan Mobley assists),5,CLE,63,56,351,113,True,80.7
401809962353,2,27.5,Giannis Antetokounmpo misses driving layup,15,CLE,63,56,353,110,,82.5
401809962355,2,24.2,Evan Mobley defensive rebound,5,CLE,63,56,355,155,,83.1
401809962356,2,22.5,Gary Trent Jr. shooting foul,15,CLE,63,56,356,44,,85.8
401809962361,2,22.5,(00:22.5) [Cavaliers] COACH'S CHALLENGE (CALL OVERTURNED) [Cavaliers] retain their timeout,5,CLE,63,56,361,215,,83.1
401809962362,2,22.5,Taurean Prince enters the game for Andre Jackson Jr.,15,CLE,63,56,362,584,,83.1
401809962364,2,22.5,Evan Mobley makes free throw 1 of 2,5,CLE,64,56,364,98,True,86.3
401809962365,2,22.5,Evan Mobley makes free throw 2 of 2,5,CLE,65,56,365,99,True,85
401809962366,2,0.0,Gary Trent Jr. misses 19-foot two point shot,15,CLE,65,56,366,137,,86.2
401809962367,2,0.0,Bucks offensive team rebound,15,CLE,65,56,367,156,,84.9
401809962368,2,0.0,End of the 2nd Quarter,,CLE,65,56,368,412,,85.7
401809962369,3,12:00,De'Andre Hunter enters the game for Dean Wade,5,CLE,65,56,369,584,,85.7
401809962370,3,12:00,Ryan Rollins enters the game for Taurean Prince,15,CLE,65,56,370,584,,85.7
401809962374,3,11:44,Donovan Mitchell bad pass (Gary Trent Jr. steals),5,CLE,65,56,374,62,,85.3
401809962376,3,11:39,Gary Trent Jr. misses running pullup jump shot,15,CLE,65,56,376,146,,86.6
401809962377,3,11:34,Jarrett Allen defensive rebound,5,CLE,65,56,377,155,,87
401809962378,3,11:17,Sam Merrill misses 13-foot jumper,5,CLE,65,56,378,92,,85.8
401809962379,3,11:14,Giannis Antetokounmpo defensive rebound,15,CLE,65,56,379,155,,85.3
401809962380,3,10:55,Myles Turner misses driving layup,15,CLE,65,56,380,110,,86.7
401809962381,3,10:53,Evan Mobley defensive rebound,5,CLE,65,56,381,155,,87.1
401809962382,3,10:42,De'Andre Hunter makes two point shot,5,CLE,67,56,382,128,True,88.6
401809962383,3,10:42,Bucks Full timeout,15,CLE,67,56,383,16,,88.6
401809962384,3,10:27,Evan Mobley blocks Myles Turner 's 2-foot driving layup,15,CLE,67,56,384,110,,90
401809962386,3,10:23,Donovan Mitchell defensive rebound,5,CLE,67,56,386,155,,90.5
401809962388,3,10:18,Donovan Mitchell makes 23-foot three point jumper (Evan Mobley assists),5,CLE,70,56,388,92,True,92.9
401809962390,3,10:06,Ryan Rollins misses 26-foot three point jumper,15,CLE,70,56,390,92,,93.8
401809962391,3,10:01,Jarrett Allen defensive rebound,5,CLE,70,56,391,155,,94.1
401809962392,3,9:57,AJ Green personal foul,15,CLE,70,56,392,45,,94.2
401809962394,3,9:49,De'Andre Hunter misses 22-foot three point jumper,5,CLE,70,56,394,92,,93.4
401809962395,3,9:45,Ryan Rollins defensive rebound,15,CLE,70,56,395,155,,93.1
401809962396,3,9:41,Jarrett Allen shooting foul,5,CLE,70,56,396,44,,91.2
401809962398,3,9:41,Giannis Antetokounmpo makes free throw 1 of 2,15,CLE,70,57,398,98,True,90.9
401809962428,3,9:41,Giannis Antetokounmpo misses free throw 2 of 2,15,CLE,70,57,428,99,,93.2
401809962429,3,9:41,Giannis Antetokounmpo offensive rebound,15,CLE,70,57,429,156,,91.9
401809962399,3,9:40,Sam Merrill shooting foul,5,CLE,70,57,399,44,,89.7
401809962401,3,9:40,Giannis Antetokounmpo makes free throw 1 of 2,15,CLE,70,58,401,98,True,89.4
401809962402,3,9:40,Giannis Antetokounmpo makes free throw 2 of 2,15,CLE,70,59,402,99,True,90.5
401809962403,3,9:23,Donovan Mitchell bad pass (Gary Trent Jr. steals),5,CLE,70,59,403,62,,89
401809962405,3,9:11,Ryan Rollins makes 2-foot layup (Giannis Antetokounmpo assists),15,CLE,70,61,405,141,True,87.3
401809962407,3,9:03,Donovan Mitchell makes 15-foot driving floating jump shot,5,CLE,72,61,407,144,True,89.1
401809962408,3,8:52,Evan Mobley shooting foul,5,CLE,72,61,408,44,,86.4
401809962410,3,8:52,Giannis Antetokounmpo misses free throw 1 of 2,15,CLE,72,61,410,98,,87.8
401809962411,3,8:52,Bucks offensive team rebound,15,CLE,72,61,411,156,,89.1
401809962412,3,8:52,Giannis Antetokounmpo misses free throw 2 of 2,15,CLE,72,61,412,99,,90.7
401809962413,3,8:48,Jarrett Allen defensive rebound,5,CLE,72,61,413,155,,90.7
401809962414,3,8:39,Evan Mobley makes 25-foot three point jumper (De'Andre Hunter assists),5,CLE,75,61,414,92,True,93.4
401809962416,3,8:25,Myles Turner misses 26-foot three point jumper,15,CLE,75,61,416,92,,94.3
401809962417,3,8:21,Jarrett Allen defensive rebound,5,CLE,75,61,417,155,,94.6
401809962418,3,8:14,Jarrett Allen misses 11-foot hook shot,5,CLE,75,61,418,93,,93.8
401809962419,3,8:12,Ryan Rollins defensive rebound,15,CLE,75,61,419,155,,93.6
401809962421,3,7:54,Ryan Rollins bad pass (Jarrett Allen steals),15,CLE,75,61,421,62,,94.7
401809962423,3,7:47,Gary Trent Jr. shooting foul,15,CLE,75,61,423,44,,96
401809962425,3,7:47,De'Andre Hunter makes free throw 1 of 3,5,CLE,76,61,425,100,True,96.2
401809962426,3,7:47,De'Andre Hunter misses free throw 2 of 3,5,CLE,76,61,426,101,,96.2
401809962427,3,7:47,Cavaliers offensive team rebound,5,CLE,76,61,427,156,,95.6
401809962430,3,7:47,Dean Wade enters the game for Jarrett Allen,5,CLE,76,61,430,584,,95.6
401809962431,3,7:47,Lonzo Ball enters the game for Donovan Mitchell,5,CLE,76,61,431,584,,95.6
401809962434,3,7:47,De'Andre Hunter makes free throw 3 of 3,5,CLE,77,61,434,102,True,95.6
401809962435,3,7:37,Dean Wade personal foul,5,CLE,77,61,435,45,,94.2
401809962437,3,7:28,Myles Turner misses 29-foot three point jumper,15,CLE,77,61,437,92,,96.2
401809962438,3,7:26,Sam Merrill defensive rebound,5,CLE,77,61,438,155,,96.4
401809962439,3,7:19,Sam Merrill misses running pullup jump shot,5,CLE,77,61,439,146,,95.9
401809962440,3,7:16,Myles Turner defensive rebound,15,CLE,77,61,440,155,,95.7
401809962441,3,7:07,Giannis Antetokounmpo misses 8-foot two point shot,15,CLE,77,61,441,114,,96.3
401809962442,3,7:05,Evan Mobley defensive rebound,5,CLE,77,61,442,155,,96.5
401809962443,3,6:56,Evan Mobley misses 25-foot three point jumper,5,CLE,77,61,443,92,,96
401809962444,3,6:56,Evan Mobley offensive rebound,5,CLE,77,61,444,156,,96.5
401809962445,3,6:54,Myles Turner shooting foul,15,CLE,77,61,445,44,,97.4
401809962447,3,6:54,Evan Mobley makes free throw 1 of 2,5,CLE,78,61,447,98,True,97.6
401809962448,3,6:54,Jaylon Tyson enters the game for Sam Merrill,5,CLE,78,61,448,584,,97.6
401809962450,3,6:54,Evan Mobley makes free throw 2 of 2,5,CLE,79,61,450,99,True,97.2
401809962451,3,6:32,Giannis Antetokounmpo makes finger roll layup (AJ Green assists),15,CLE,79,63,451,124,True,96.6
401809962453,3,6:24,Giannis Antetokounmpo shooting foul,15,CLE,79,63,453,44,,97.5
401809962455,3,6:24,Evan Mobley makes free throw 1 of 2,5,CLE,80,63,455,98,True,97.7
401809962456,3,6:24,Evan Mobley makes free throw 2 of 2,5,CLE,81,63,456,99,True,97.2
401809962457,3,6:00,AJ Green makes 2-foot layup (Ryan Rollins assists),15,CLE,81,65,457,141,True,96.8
401809962459,3,5:44,De'Andre Hunter misses driving floating jump shot,5,CLE,81,65,459,144,,96.3
401809962460,3,5:42,Myles Turner defensive rebound,15,CLE,81,65,460,155,,96.1
401809962461,3,5:38,Evan Mobley shooting foul,5,CLE,81,65,461,44,,94.6
401809962463,3,5:38,Giannis Antetokounmpo makes free throw 1 of 2,15,CLE,81,66,463,98,True,94.3
401809962464,3,5:38,Larry Nance Jr. enters the game for Evan Mobley,5,CLE,81,66,464,584,,94.3
401809962465,3,5:38,Taurean Prince enters the game for Gary Trent Jr.,15,CLE,81,66,465,584,,94.3
401809962468,3,5:38,Giannis Antetokounmpo misses free throw 2 of 2,15,CLE,81,66,468,99,,96.1
401809962469,3,5:34,Lonzo Ball defensive rebound,5,CLE,81,66,469,155,,96.1
401809962471,3,5:29,Bobby Portis enters the game for Myles Turner,15,CLE,81,66,471,584,,96.1
401809962473,3,5:22,Dean Wade misses 25-foot three point jumper,5,CLE,81,66,473,92,,95.5
401809962474,3,5:20,Giannis Antetokounmpo defensive rebound,15,CLE,81,66,474,155,,95.2
401809962475,3,5:12,Giannis Antetokounmpo makes 1-foot two point shot,15,CLE,81,68,475,128,True,94.3
401809962476,3,4:52,De'Andre Hunter misses 8-foot two point shot,5,CLE,81,68,476,121,,93.5
401809962477,3,4:50,Giannis Antetokounmpo defensive rebound,15,CLE,81,68,477,155,,93.3
401809962478,3,4:47,Giannis Antetokounmpo makes two point shot (AJ Green assists),15,CLE,81,70,478,109,True,91.8
401809962480,3,4:47,Cavaliers Full timeout,5,CLE,81,70,480,16,,91.8
401809962481,3,4:47,Donovan Mitchell enters the game for De'Andre Hunter,5,CLE,81,70,481,584,,91.8
401809962483,3,4:36,Donovan Mitchell bad pass (Taurean Prince steals),5,CLE,81,70,483,62,,90.2
401809962485,3,4:23,AJ Green misses 26-foot three point jumper,15,CLE,81,70,485,92,,91.5
401809962486,3,4:19,Larry Nance Jr. defensive rebound,5,CLE,81,70,486,155,,92
401809962487,3,4:14,Donovan Mitchell misses running pullup jump shot,5,CLE,81,70,487,146,,90.7
401809962488,3,4:11,Bobby Portis defensive rebound,15,CLE,81,70,488,155,,90.3
401809962489,3,3:54,Ryan Rollins misses 26-foot three point jumper,15,CLE,81,70,489,92,,91.7
401809962490,3,3:51,Larry Nance Jr. defensive rebound,5,CLE,81,70,490,155,,92.2
401809962491,3,3:41,Taurean Prince personal foul,15,CLE,81,70,491,45,,94.3
401809962493,3,3:41,Dean Wade makes free throw 1 of 2,5,CLE,82,70,493,98,True,94.6
401809962494,3,3:41,Dean Wade makes free throw 2 of 2,5,CLE,83,70,494,99,True,93.7
401809962495,3,3:24,Giannis Antetokounmpo makes 25-foot three point jumper (Ryan Rollins assists),15,CLE,83,73,495,92,True,90.8
401809962497,3,3:12,Larry Nance Jr. bad pass (Giannis Antetokounmpo steals),5,CLE,83,73,497,62,,89.1
401809962499,3,3:08,Giannis Antetokounmpo makes 1-foot dunk,15,CLE,83,75,499,116,True,86.9
401809962500,3,2:57,Dean Wade misses 25-foot three point jumper,5,CLE,83,75,500,92,,85.3
401809962501,3,2:56,Bobby Portis defensive rebound,15,CLE,83,75,501,155,,84.7
401809962502,3,2:56,Bobby Portis out of bounds lost ball turnover,15,CLE,83,75,502,87,,87
401809962503,3,2:56,Bucks Full timeout,15,CLE,83,75,503,16,,87
401809962504,3,2:56,(02:56) [Bucks] COACH'S CHALLENGE (CALL STANDS) [Bucks] charged with a timeout,15,CLE,83,75,504,216,,84.7
401809962505,3,2:56,Jarrett Allen enters the game for Dean Wade,5,CLE,83,75,505,584,,84.7
401809962506,3,2:56,Myles Turner enters the game for Giannis Antetokounmpo,15,CLE,83,75,506,584,,84.7
401809962509,3,2:54,Taurean Prince blocks Larry Nance Jr. 's 2-foot jumper,5,CLE,83,75,509,92,,85.3
401809962511,3,2:54,Cavaliers offensive team rebound,5,CLE,83,75,511,156,,87
401809962513,3,2:52,Donovan Mitchell bad pass (Ryan Rollins steals),5,CLE,83,75,513,62,,84.8
401809962515,3,2:48,Larry Nance Jr. shooting foul,5,CLE,83,75,515,44,,80.1
401809962517,3,2:48,Ryan Rollins makes free throw 1 of 2,15,CLE,83,76,517,98,True,79.4
401809962518,3,2:48,Ryan Rollins makes free throw 2 of 2,15,CLE,83,77,518,99,True,82.1
401809962519,3,2:30,Jaylon Tyson misses 25-foot three point jumper,5,CLE,83,77,519,92,,79.6
401809962520,3,2:29,Bucks defensive team rebound,15,CLE,83,77,520,155,,78.7
401809962522,3,2:16,Bobby Portis misses 21-foot pullup jump shot,15,CLE,83,77,522,131,,81.4
401809962523,3,2:13,Larry Nance Jr. defensive rebound,5,CLE,83,77,523,155,,82.3
401809962524,3,2:04,Donovan Mitchell misses 24-foot three point step back jumpshot,5,CLE,83,77,524,132,,79.7
401809962525,3,1:59,Myles Turner defensive rebound,15,CLE,83,77,525,155,,78.8
401809962526,3,1:48,AJ Green makes 23-foot three point step back jumpshot,15,CLE,83,80,526,132,True,72
401809962527,3,1:40,Jarrett Allen offensive foul,5,CLE,83,80,527,42,,67.9
401809962529,3,1:40,Jarrett Allen turnover,5,CLE,83,80,529,84,,67.9
401809962530,3,1:40,Craig Porter Jr. enters the game for Larry Nance Jr.,5,CLE,83,80,530,584,,67.9
401809962532,3,1:27,Taurean Prince makes driving layup (Bobby Portis assists),15,CLE,83,82,532,110,True,64
401809962534,3,1:14,Jaylon Tyson bad pass (Ryan Rollins steals),5,CLE,83,82,534,62,,59
401809962536,3,1:09,Taurean Prince misses 24-foot three point shot,15,CLE,83,82,536,113,,62.7
401809962537,3,1:05,Bobby Portis offensive rebound,15,CLE,83,82,537,156,,59
401809962538,3,1:03,Ryan Rollins misses 26-foot three point jumper,15,CLE,83,82,538,92,,62.7
401809962539,3,1:00,Lonzo Ball defensive rebound,5,CLE,83,82,539,155,,63.9
401809962540,3,52.4,Craig Porter Jr. misses 25-foot three point pullup jump shot,5,CLE,83,82,540,131,,60.1
401809962541,3,47.9,Lonzo Ball offensive rebound,5,CLE,83,82,541,156,,63.9
401809962542,3,47.9,Lonzo Ball makes dunk,5,CLE,85,82,542,138,True,67.7
401809962543,3,38.3,Myles Turner bad pass (Donovan Mitchell steals),15,CLE,85,82,543,62,,72
401809962545,3,32.0,Lonzo Ball misses 24-foot three point shot,5,CLE,85,82,545,113,,68.8
401809962546,3,31.3,Bucks defensive team rebound,15,CLE,85,82,546,155,,67.7
401809962548,3,10.0,Myles Turner makes 1-foot layup (Ryan Rollins assists),15,CLE,85,84,548,141,True,63.3
401809962550,3,0.0,Myles Turner shooting foul,15,CLE,85,84,550,44,,70.3
401809962552,3,0.0,(00:00) [Bucks] REF-INITIATED REVIEW (CALL STANDS),,CLE,85,84,552,280,,61.1
401809962553,3,0.0,Donovan Mitchell misses free throw 1 of 2,5,CLE,85,84,553,98,,67.1
401809962554,3,0.0,Cavaliers offensive team rebound,5,CLE,85,84,554,156,,63.3
401809962555,3,0.0,Donovan Mitchell makes free throw 2 of 2,5,CLE,86,84,555,99,True,63.4
401809962558,3,0.0,End of the 3rd Quarter,,CLE,86,84,558,412,,65.9
401809962559,4,12:00,Evan Mobley enters the game for Lonzo Ball,5,CLE,86,84,559,584,,65.9
401809962560,4,12:00,Sam Merrill enters the game for Jaylon Tyson,5,CLE,86,84,560,584,,65.9
401809962561,4,12:00,De'Andre Hunter enters the game for Jarrett Allen,5,CLE,86,84,561,584,,65.9
401809962562,4,12:00,Giannis Antetokounmpo enters the game for Myles Turner,15,CLE,86,84,562,584,,65.9
401809962563,4,12:00,Gary Trent Jr. enters the game for Ryan Rollins,15,CLE,86,84,563,584,,65.9
401809962570,4,11:49,Taurean Prince bad pass (Evan Mobley steals),15,CLE,86,84,570,62,,67.8
401809962572,4,11:37,Evan Mobley makes driving layup,5,CLE,88,84,572,110,True,72
401809962573,4,11:22,AJ Green out of bounds lost ball turnover,15,CLE,88,84,573,87,,76.7
401809962574,4,11:15,Craig Porter Jr. bad pass (Giannis Antetokounmpo steals),5,CLE,88,84,574,62,,72.1
401809962576,4,11:07,AJ Green misses 32-foot three point jumper,15,CLE,88,84,576,92,,75.7
401809962577,4,10:59,Giannis Antetokounmpo offensive rebound,15,CLE,88,84,577,156,,72.2
401809962578,4,10:59,Giannis Antetokounmpo misses two point shot,15,CLE,88,84,578,125,,75.7
401809962579,4,10:59,Evan Mobley defensive rebound,5,CLE,88,84,579,155,,76.9
401809962580,4,10:55,Donovan Mitchell makes 1-foot driving floating jump shot (Sam Merrill assists),5,CLE,90,84,580,144,True,80.4
401809962582,4,10:55,Bucks Full timeout,15,CLE,90,84,582,16,,80.4
401809962583,4,10:55,Mark Sears enters the game for AJ Green,15,CLE,90,84,583,584,,80.4
401809962585,4,10:31,Giannis Antetokounmpo makes driving layup,15,CLE,90,86,585,110,True,77
401809962586,4,10:24,Mark Sears personal foul,15,CLE,90,86,586,45,,78
401809962588,4,10:14,Craig Porter Jr. makes 23-foot three point jumper (Evan Mobley assists),5,CLE,93,86,588,92,True,84.6
401809962590,4,9:51,Bobby Portis makes 1-foot layup (Giannis Antetokounmpo assists),15,CLE,93,88,590,141,True,81.4
401809962592,4,9:38,Evan Mobley misses 8-foot two point shot,5,CLE,93,88,592,114,,78.4
401809962593,4,9:30,Craig Porter Jr. offensive rebound,5,CLE,93,88,593,156,,81.6
401809962594,4,9:30,Craig Porter Jr. misses tip shot,5,CLE,93,88,594,94,,78.4
401809962595,4,9:29,Bobby Portis defensive rebound,15,CLE,93,88,595,155,,77.4
401809962596,4,9:27,Gary Trent Jr. misses 27-foot three point jumper,15,CLE,93,88,596,92,,80.5
401809962597,4,9:25,Evan Mobley defensive rebound,5,CLE,93,88,597,155,,81.6
401809962598,4,9:23,Donovan Mitchell makes two point shot,5,CLE,95,88,598,109,True,85.1
401809962599,4,9:23,Bobby Portis shooting foul,15,CLE,95,88,599,44,,90.6
401809962601,4,9:23,Donovan Mitchell misses free throw 1 of 1,5,CLE,95,88,601,97,,85.5
401809962602,4,9:20,Giannis Antetokounmpo defensive rebound,15,CLE,95,88,602,155,,85.5
401809962603,4,9:12,Bobby Portis misses 26-foot three point jumper,15,CLE,95,88,603,92,,87.9
401809962604,4,9:08,De'Andre Hunter defensive rebound,5,CLE,95,88,604,155,,88.7
401809962605,4,9:01,De'Andre Hunter makes 25-foot three point jumper (Donovan Mitchell assists),5,CLE,98,88,605,92,True,93.1
401809962607,4,8:39,Mark Sears misses 5-foot two point shot,15,CLE,98,88,607,130,,94.5
401809962608,4,8:36,Giannis Antetokounmpo offensive rebound,15,CLE,98,88,608,156,,93.4
401809962609,4,8:36,Giannis Antetokounmpo makes dunk,15,CLE,98,90,609,96,True,91.4
401809962610,4,8:20,Sam Merrill misses 24-foot three point jumper,5,CLE,98,90,610,92,,89.7
401809962611,4,8:14,Bobby Portis defensive rebound,15,CLE,98,90,611,155,,89.1
401809962612,4,8:05,Taurean Prince makes 24-foot three point step back jumpshot (Giannis Antetokounmpo assists),15,CLE,98,93,612,132,True,82.6
401809962614,4,8:04,Cavaliers Full timeout,5,CLE,98,93,614,16,,82.6
401809962615,4,8:04,Jarrett Allen enters the game for Evan Mobley,5,CLE,98,93,615,584,,82.6
401809962616,4,8:04,Lonzo Ball enters the game for Sam Merrill,5,CLE,98,93,616,584,,82.6
401809962617,4,8:04,Ryan Rollins enters the game for Giannis Antetokounmpo,15,CLE,98,93,617,584,,82.6
401809962618,4,8:04,Myles Turner enters the game for Mark Sears,15,CLE,98,93,618,584,,82.6
401809962623,4,7:47,De'Andre Hunter misses 23-foot three point jumper,5,CLE,98,93,623,92,,79.8
401809962624,4,7:45,Myles Turner defensive rebound,15,CLE,98,93,624,155,,78.8
401809962625,4,7:32,Myles Turner makes 28-foot three point jumper (Ryan Rollins assists),15,CLE,98,96,625,92,True,69.6
401809962627,4,7:08,De'Andre Hunter misses driving floating jump shot,5,CLE,98,96,627,144,,65.3
401809962628,4,7:08,Lonzo Ball offensive rebound,5,CLE,98,96,628,156,,69.7
401809962630,4,7:08,Dean Wade enters the game for Donovan Mitchell,5,CLE,98,96,630,584,,69.7
401809962632,4,7:06,Dean Wade misses 24-foot three point shot,5,CLE,98,96,632,121,,65.3
401809962633,4,7:05,Cavaliers offensive team rebound,5,CLE,98,96,633,156,,69.8
401809962634,4,7:05,shot clock turnover ,5,CLE,98,96,634,70,,63.8
401809962635,4,6:54,Ryan Rollins makes 1-foot driving dunk,15,CLE,98,98,635,115,True,57.9
401809962636,4,6:39,De'Andre Hunter makes 13-foot step back jumpshot (Lonzo Ball assists),5,CLE,100,98,636,132,True,63.8
401809962638,4,6:34,Bobby Portis bad pass (Craig Porter Jr. steals),15,CLE,100,98,638,62,,70
401809962640,4,6:29,Craig Porter Jr. misses 22-foot three point shot,5,CLE,100,98,640,113,,65.3
401809962641,4,6:25,Bobby Portis defensive rebound,15,CLE,100,98,641,155,,63.8
401809962642,4,6:05,Ryan Rollins misses 20-foot two point shot,15,CLE,100,98,642,121,,68.6
401809962643,4,6:02,Jarrett Allen defensive rebound,5,CLE,100,98,643,155,,70.2
401809962644,4,5:58,Myles Turner blocks De'Andre Hunter 's 1-foot dunk,5,CLE,100,98,644,151,,65.4
401809962646,4,5:58,Bucks defensive team rebound,15,CLE,100,98,646,155,,63.8
401809962648,4,5:58,Sam Merrill enters the game for Craig Porter Jr.,5,CLE,100,98,648,584,,63.8
401809962649,4,5:58,Evan Mobley enters the game for De'Andre Hunter,5,CLE,100,98,649,584,,63.8
401809962653,4,5:40,Myles Turner lost ball turnover,15,CLE,100,98,653,63,,70.4
401809962654,4,5:40,Myles Turner kicked ball violation,15,CLE,100,98,654,12,,63.8
401809962655,4,5:22,Lonzo Ball makes 24-foot three point jumper (Dean Wade assists),5,CLE,103,98,655,92,True,81.1
401809962657,4,5:01,Gary Trent Jr. misses 25-foot three point step back jumpshot,15,CLE,103,98,657,132,,84.9
401809962658,4,4:59,Ryan Rollins offensive rebound,15,CLE,103,98,658,156,,81.5
401809962660,4,4:58,Gary Trent Jr. offensive foul,15,CLE,103,98,660,42,,86.1
401809962662,4,4:58,Gary Trent Jr. turnover,15,CLE,103,98,662,84,,86.1
401809962663,4,4:58,Andre Jackson Jr. enters the game for Bobby Portis,15,CLE,103,98,663,584,,86.1
401809962664,4,4:58,AJ Green enters the game for Taurean Prince,15,CLE,103,98,664,584,,86.1
401809962667,4,4:38,Myles Turner blocks Jarrett Allen's layup,5,CLE,103,98,667,95,,83
401809962669,4,4:29,AJ Green defensive rebound,15,CLE,103,98,669,155,,82
401809962671,4,4:27,Myles Turner misses 26-foot three point step back jumpshot,15,CLE,103,98,671,132,,85.5
401809962672,4,4:20,Sam Merrill defensive rebound,5,CLE,103,98,672,155,,86.8
401809962674,4,4:20,Donovan Mitchell enters the game for Jarrett Allen,5,CLE,103,98,674,584,,82.2
401809962693,4,4:20,Lonzo Ball offensive foul,5,CLE,103,98,693,42,,82.2
401809962694,4,4:20,Lonzo Ball turnover,5,CLE,103,98,694,84,,82.2
401809962676,4,4:12,AJ Green offensive foul,15,CLE,103,98,676,42,,87
401809962678,4,4:12,AJ Green turnover,15,CLE,103,98,678,84,,87
401809962679,4,4:12,Taurean Prince enters the game for Gary Trent Jr.,15,CLE,103,98,679,584,,87
401809962680,4,4:12,Giannis Antetokounmpo enters the game for Andre Jackson Jr.,15,CLE,103,98,680,584,,87
401809962683,4,4:01,Giannis Antetokounmpo blocks Lonzo Ball 's 3-foot layup,5,CLE,103,98,683,141,,83.7
401809962685,4,4:01,Cavaliers offensive team rebound,5,CLE,103,98,685,156,,87.2
401809962687,4,3:55,Donovan Mitchell makes 14-foot pullup jump shot,5,CLE,105,98,687,131,True,90.8
401809962688,4,3:39,Myles Turner makes 20-foot jumper (Giannis Antetokounmpo assists),15,CLE,105,100,688,92,True,87.9
401809962690,4,3:24,Donovan Mitchell makes 12-foot driving floating jump shot (Evan Mobley assists),5,CLE,107,100,690,144,True,91.7
401809962692,4,3:06,Giannis Antetokounmpo makes driving layup,15,CLE,107,102,692,110,True,88.8
401809962696,4,3:06,Cavaliers Full timeout,5,CLE,107,102,696,16,,84.4
401809962697,4,3:06,De'Andre Hunter enters the game for Lonzo Ball,5,CLE,107,102,697,584,,84.4
401809962699,4,2:52,Donovan Mitchell misses 13-foot two point shot,5,CLE,107,102,699,114,,86
401809962700,4,2:49,Myles Turner defensive rebound,15,CLE,107,102,700,155,,85
401809962701,4,2:41,Ryan Rollins makes driving layup,15,CLE,107,104,701,110,True,79.6
401809962702,4,2:26,Sam Merrill makes 26-foot three pointer (De'Andre Hunter assists),5,CLE,110,104,702,131,True,90.1
401809962704,4,1:58,Myles Turner misses 9-foot two point shot,15,CLE,110,104,704,137,,93.8
401809962705,4,1:58,Giannis Antetokounmpo offensive rebound,15,CLE,110,104,705,156,,91.2
401809962706,4,1:58,Dean Wade shooting foul,5,CLE,110,104,706,44,,86
401809962708,4,1:58,Giannis Antetokounmpo makes free throw 1 of 2,15,CLE,110,105,708,98,True,79.9
401809962709,4,1:58,Lonzo Ball enters the game for Dean Wade,5,CLE,110,105,709,584,,86
401809962711,4,1:58,Giannis Antetokounmpo makes free throw 2 of 2,15,CLE,110,106,711,99,True,84.9
401809962712,4,1:39,Sam Merrill misses 24-foot three point jumper,5,CLE,110,106,712,92,,80.3
401809962713,4,1:36,Giannis Antetokounmpo defensive rebound,15,CLE,110,106,713,155,,78.7
401809962714,4,1:31,Giannis Antetokounmpo lost ball turnover (Evan Mobley steals),15,CLE,110,106,714,63,,85.6
401809962716,4,1:12,Donovan Mitchell makes 18-foot pullup jump shot,5,CLE,112,106,716,131,True,91.3
401809962717,4,1:12,Bucks Full timeout,15,CLE,112,106,717,16,,91.3
401809962718,4,1:12,Dean Wade enters the game for Lonzo Ball,5,CLE,112,106,718,584,,91.3
401809962720,4,1:01,Dean Wade shooting foul,5,CLE,112,106,720,44,,82.5
401809962722,4,1:01,Giannis Antetokounmpo misses free throw 1 of 2,15,CLE,112,106,722,98,,87.5
401809962723,4,1:01,Bucks offensive team rebound,15,CLE,112,106,723,156,,91.7
401809962724,4,1:01,Lonzo Ball enters the game for Dean Wade,5,CLE,112,106,724,584,,91.7
401809962726,4,1:01,Giannis Antetokounmpo makes free throw 2 of 2,15,CLE,112,107,726,99,True,91.6
401809962727,4,41.9,Donovan Mitchell misses two point shot,5,CLE,112,107,727,145,,89.4
401809962728,4,40.1,Lonzo Ball offensive rebound,5,CLE,112,107,728,156,,93.3
401809962729,4,36.4,De'Andre Hunter bad pass (Ryan Rollins steals),5,CLE,112,107,729,62,,88.7
401809962731,4,27.5,Giannis Antetokounmpo misses layup,15,CLE,112,107,731,95,,93.5
401809962732,4,24.4,Giannis Antetokounmpo offensive rebound,15,CLE,112,107,732,156,,90.8
401809962733,4,24.4,Giannis Antetokounmpo makes tip shot,15,CLE,112,109,733,94,True,86.7
401809962734,4,15.7,Taurean Prince personal foul,15,CLE,112,109,734,45,,96.1
401809962736,4,15.1,Myles Turner personal foul,15,CLE,112,109,736,45,,96.2
401809962738,4,15.1,Evan Mobley makes free throw 1 of 2,5,CLE,113,109,738,98,True,97
401809962739,4,15.1,Dean Wade enters the game for Lonzo Ball,5,CLE,113,109,739,584,,97
401809962741,4,15.1,Evan Mobley makes free throw 2 of 2,5,CLE,114,109,741,99,True,94.4
401809962742,4,4.2,AJ Green makes 29-foot three point jumper (Myles Turner assists),15,CLE,114,112,742,92,True,93.3
401809962744,4,4.2,Cavaliers Full timeout,5,CLE,114,112,744,16,,93.3
401809962745,4,4.2,Lonzo Ball enters the game for Dean Wade,5,CLE,114,112,745,584,,93.3
401809962747,4,3.5,Taurean Prince personal foul,15,CLE,114,112,747,45,,97.9
401809962749,4,3.5,Evan Mobley makes free throw 1 of 2,5,CLE,115,112,749,98,True,98.3
401809962750,4,3.5,Dean Wade enters the game for Lonzo Ball,5,CLE,115,112,750,584,,98.3
401809962752,4,3.5,Evan Mobley makes free throw 2 of 2,5,CLE,116,112,752,99,True,96.7
401809962753,4,3.5,Bucks Full timeout,15,CLE,116,112,753,16,,96.7
401809962754,4,3.5,Gary Trent Jr. enters the game for Taurean Prince,15,CLE,116,112,754,584,,96.7
401809962756,4,1.7,De'Andre Hunter shooting foul,5,CLE,116,112,756,44,,96
401809962758,4,1.7,Gary Trent Jr. makes free throw 1 of 2,15,CLE,116,113,758,98,True,95.5
401809962759,4,1.7,Jarrett Allen enters the game for Sam Merrill,5,CLE,116,113,759,584,,95.5
401809962761,4,1.7,Gary Trent Jr. misses free throw 2 of 2,15,CLE,116,113,761,99,,98.6
401809962762,4,1.0,Cavaliers defensive team rebound,5,CLE,116,113,762,155,,99.2
401809962763,4,1.0,Myles Turner loose ball foul,15,CLE,116,113,763,43,,99.7
401809962765,4,1.0,Evan Mobley makes free throw 1 of 2,5,CLE,117,113,765,98,True,99.8
401809962766,4,1.0,Sam Merrill enters the game for Jarrett Allen,5,CLE,117,113,766,584,,99.8
401809962768,4,1.0,Evan Mobley makes free throw 2 of 2,5,CLE,118,113,768,99,True,99.5
401809962771,4,0.0,End of the 4th Quarter,,CLE,118,113,771,412,,100
401809962772,4,0.0,End of Game,,CLE,118,113,772,402,,100
